name,address,email,phone,url
Agenția de Dezvoltare Regională Centru,"or. Ialoveni, str. Alexandru cel Bun, 33",sergiu.golovco@adrcentru.md,268 27235   078883935,-
ADR Nord,"mun. Bălţi, piața Vasile Alecsandri 8",denis.gudumac@adrnord.md,023129682,-
Departamentul Poliției de Frontieră al MAI,"mun.Chișinău, str.Petricani 19",achizitii@border.gov.md,0-22-259-627     0-22-259-679,-
I.M.S.P. INSTITUTUL MAMEI ŞI COPILULUI,"Republica Moldova, CHIŞINĂU BOTANICA, mun. Chişinău, str. Burebista 93",centrulmamei@gmail.com,022-55-96-46,-
Compania Națională de Asigurări în Medicină,"mun. Chişinău, str. Vlaicu Pârcălab 46",stefan.cimbir@cnam.gov.md,0 22 780 235,-
Agentia Medicamentului şi Dispozitivelor Medicale,"Korolenko 2/1, Chisinau",office@amed.md,022 884346,-
Ministerul Economiei,"Republica Moldova, mun. Chişinău, str. Marii Adunări Naţionale piaţa 1",mineconcom@mec.gov.md,250690 250696,-
Casa Naţională de Asigurări Sociale,"mun. Chișinău, str.Gh. Tudor 3",achizitiicnas@cnas.gov.md,022-257-681,-
Ministerul Afacerilor Interne,"mun. Chișinău, bd. Ștefan cel Mare, 75",dapd@mai.gov.md,022-255610,-
IMSP Spitalul Clinic Republican,"MD 2025 mun.Chişinău, str.Testemiţanu 29; www.scr.md",achizitii.publice@scr.md,0 22 40 36 97,-
Agenția de Dezvoltare Regională Sud,"bld. Ștefan ce Mare, 12, or. Cimișlia, Republica Moldova",adrsud@gmail.com,0 (241) 26286,-
MINISTERUL DEZVOLTĂRII REGIONALE ŞI CONSTRUCŢIILOR,"Republica Moldova, CHIŞINĂU RÎŞCANI, mun. Chişinău, str. Constantin Tănase 9",mdrc@mdrc.gov.md,022 204571   022 204595,-
IMSP INSTITUTUL DE MEDICINĂ URGENTĂ,"Republica Moldova, mun.Chişinău, str.Toma Ciorbă, 1",achizitii@urgenta.md,(022) 250809,-
"MINISTERUL MUNCII, PROTECŢIEI SOCIALE ŞI FAMILIEI","Republica Moldova, mun. Chişinău, str. Alecsandri Vasile 1",oxana.sorochin@mmpsf.gov.md,022-26-93-29,-
I.M.S.P. Spitalul Clinic de Psihiatrie,"Republica Moldova, mun. Chişinău, or. Codru, str. Costiujeni 3",imspscp.achizitii@gmail.com,22 857-239 857 231,-
Administrația de Stat a Drumurilor,,,,-
IMSP Centrul Republican de Diagnosticare Medicală,"or. Сhişnău, str. C.Vîrnav,13",crdm@ms.md,022888416,-
MINISTERUL AFACERILOR EXTERNE ŞI INTEGRĂRII EUROPENE,"Republica Moldova, CHIŞINĂU BUIUCANI, mun. Chişinău, str. 31 August 1989 80",vadim.sobol@mfa.md,022 578 235 - 022 578 295,-
Centrul Național Anticorupție,-,eduard.dutca@cna.md,257337,-
Ministerul Justitiei al Republicii Moldova,"mun.Chişinău, str. 31 August 1989, nr. 82",cristian.iustin@justice.gov.md,022-20-14-28 ,-
IMSP Institutul Oncologic,,,,-
Ministerul Agriculturii și Industriei Alimentare,"mun. Chişinău, bd. Ştefan cel Mare 162",victor.hariton@maia.gov.md,022210408,-
Ministerul Tineretului și Sportului,"bd. Ștefan cel Mare și Sfînt 162, et. 8, bir. 811",liliana.moraru@mts.gov.md,022232783 022820867,-
AGENŢIA ACHIZIŢII PUBLICE,"Republica Moldova, Chişinău Centru, Centru Chişinău, str. Hînceşti şos. 53",bap@tender.gov.md,373 22 78 20 90,-
Biroul National de Statistica,"mun. Chișinău, str Grenoble 106",corina.bobu@statistica.md,022 403127,-
Biroul Relații Interetnice,,,,-
PROCURATURA GENERALĂ A REPUBLICII MOLDOVA,"Republica Moldova, mun. Chişinău, str. Bănulescu-Bodoni Mt. 26",o.motroi@procuratura.md,022-22-53-52,-
Directia Educatie Tineret si Sport st.Ciocana,Aleco Russo 57,detsciocana@mail.ru,022-49-96-61 ,-
IP USMF Nicolae Testemițanu,"mun. Chișinău, bd. Ștefan cel Mare și Sfînt 165",achizitii@usmf.md,022-20-52-65 022-20-52-67,-
DIRECŢIA GENERALĂ TRANSPORT PUBLIC ŞI CĂI DE COMUNICAŢIE,"Republica Moldova, mun. Chişinău, str. Lazo S. 18",elenamarketing2007@rambler.ru,022-20-46-69,-
MINISTERUL MEDIULUI AL REPUBLICII MOLDOVA,"Republica Moldova, CHIŞINĂU RÎŞCANI, mun. Chişinău, str. Constantin Tănase, 9",tatiana.dorogan@mediu.gov.md,022204532,-
USM,"Republica Moldova, mun. Chişinău, str. Mateevici A. 60",ap.usm@mail.ru,022 577 452,-
IMSP SPITALUL CLINIC DE TRAUMATOLOGIE ŞI ORTOPEDIE,"Republica Moldova, mun. Chişinău, str. Ştefan cel Mare şi Sfînt bd. 190",imps_scto@mednet.md,(022) 29 27 20 ,-
Ministerul Educației,"Piața Marii Adunări Naționale, nr. 1",grigoras.v@mail.ru,022  23 37 73,-
Agenția Națională pentru Siguranța Alimentelor,"mun.Chișinău, str. Kogălniceanu,63",olga.cebotari@ansa.gov.md,"     022-29-47-26",-
"Direcția Educație, Tineret și Sport al sectorului Botanica",Bd. Traian 21/2,inna-frunza@mail.ru,022 76 55 21,-
Serviciul Medical al Ministerului Afacerilor Interne,mun. Chisinau str. Gheorghe Asachi 25 b,serviciul.medical@mai.gov.md,(22) 254 127,-
DEPARTAMENTUL DOTĂRI AL MINISTERULUI APĂRĂRII,"mun. Chişinău, şos. Hînceşti 84",stanislav.pojar@army.md,022252149 252209 252357,-
Academia Stefan cel Mare a MAI,,,,-
Departamentul Trupelor de Carabinieri,"str. Gh. Asachi, 65 a",irina.vizir@mai.gov.md,0 22 73-93-68   ,-
UNIVERSITATEA AGRARĂ DE STAT DIN MOLDOVA,"Republica Moldova, mun. Chişinău, str. Mirceşti 44",curteantatiana@mail.ru,432340,-
DETS  RÎŞCANI,"Republica Moldova, mun. Chişinău, str.Kiev 5 A",ceban.laurentia@mail.ru,0 22 44-53-87   0 22 32-55-00,-
INSPECTORATUL GENERAL AL POLIŢIEI,"Republica Moldova, mun. Chişinău, str. Tiraspol 11/1",reghina.moscalciuc@igp.gov.md,022868262,-
ASEM,"Republica Moldova, CHIŞINĂU RÎŞCANI, mun. Chişinău, str. Bănulescu-Bodoni G. 61",iuliaf@mail.ru," 022402920",-
Agenția de Intervenție și Plăți pentru Agricultură,"Mun. Chişinău, bd. Ştefan cel Mare şi Sfînt, 162",mihaela.veverita@aipa.gov.md,022 210 194,-
CANCELARIA DE STAT,"Republica Moldova, mun. Chişinău, str. Marii Adunări Naţionale piaţa 1",ludmila.cujba@gov.md,022 250158,-
Agenția Rezerve Materiale,"MD – 2012, str. Columna, 118/1, Chişinău",arm@rezerve.gov.md,373 22 24  33  66,-
ÎM Direcţia Construcţii Capitale,"MD 2004 mun. Chişinău, str. 31 August 1989,nr.100",ap_dcc@mail.ru,022-23-49-36,-
Departamentul Instituțiilor Penitenciare,"mun. Chișinău, str. N. Titulescu, 35",marin.josan@penitenciar.gov.md,0-22-40-97-14,-
DETS sect. CENTRU,"Republica Moldova, mun. Chişinău, str. Bulgară 41",dets_contracte@mail.ru,(022) 27-10-22,-
DIRECŢIA GENERALĂ LOCATIV-COMUNALĂ ŞI AMENAJARE A CONSILIULUI MUNICIPAL CHIŞINĂU,"Republica Moldova, mun. Chişinău, str. Eminescu Mihai 33",spap@dglca.md,022 24 25 01,-
Ministerul Culturii,,,,-
INSPECTORATUL ECOLOGIC DE STAT,"Republica Moldova, mun. Chişinău, str. Cosmonauţilor 9",iacub@mediu.gov.md,22-69-32,-
DGETS,"M.Dosoftei,99",caraimandgets@mail.ru,022 233445,-
Serviciul Stare Civilă,"str. Mihai Viteazul nr. 11/1, mun. Chişinău",pirgaru.mariana@ssc.gov.md," (022) 25-71-63-(022) 25-71-59",-
Directia Educatie Tineret si Sport s-l Buiucani,"str, I.Creanga 4/2",dets_buiucani@list.ru,21-03-35,-
Agenția pentru Eficiență Energetică,"Mun. Chișinău, str. Alecu Russo, 1 et.10",info@aee.md,022 49-94-44(6),-
SERVICIUL TEHNOLOGII INFORMAŢIONALE AL MINISTERULUI AFACERILOR INTERNE,"Republica Moldova, mun. Chişinău, str. V.Alecsandri 42",adrian.beselea@mai.gov.md,255-269 069163545,-
U.P.S. ION CREANGĂ din mun. Chișinău,"Republica Moldova, mun. Chişinău, str. Creangă Ion 1",upstender@mail.ru,022-24-07-95,-
"IP ""Capitania portului Giurgiulesti""",bd. Stefan cel Mare 134,info@maradmoldova.md,22 735345,-
CENTRUL NAŢIONAL DE SĂNĂTATE PUBLICĂ,"Republica Moldova, CHIŞINĂU CENTRU, mun. Chişinău, str. Asachi Gh. 67 bl. A",sap@cnsp.md,022-574-519,-
INSPECTORATUL FISCAL PRINCIPAL DE STAT DE PE LÎNGĂ MINISTERUL FINANŢELOR AL REPUBLICII MOLDOVA,"Republica Moldova, mun. Chişinău, str. Constantin Tănase 9 et.II",veaceslav.vrabie@fisc.md,022823411,-
CNPF,"bd.Stefan cel Mare, 77",mariana.ardeleanu@cnpf.md,022859585,-
CONSILIUL CONCURENŢEI,"Republica Moldova, mun. Chişinău, bd. Ştefan cel Mare şi Sfînt nr. 73/1",office@competition.md,0 22 273443,-
CURTEA DE APEL CHIŞINĂU,"Republica Moldova, CHIŞINĂU BOTANICA, mun. Chişinău, str. Teilor 4",vasile.cuculescu@cac.gov.md,0 22 409 114,-
SERVICIUL VAMAL AL REPUBLICII MOLDOVA,"Republica Moldova, mun. Chişinău, str. N. Starostenco 30",vama@customs.gov.md,022574254,-
CURTEA CONSTITUŢIONALĂ A REPUBLICII MOLDOVA,"Republica Moldova, mun. Chişinău, str. Lăpuşneanu A. 28",oxana.batrinu@constcourt.md,022253743,-
Serviciul Piscicol,"Chisinau, str-la Mereni, 8",sp@sp.gov.md,022-47-32-37,-
SECRETARIATUL PARLAMENTULUI REPUBLICII MOLDOVA,"Republica Moldova, mun. Chişinău, bd. Ştefan cel Mare şi Sfînt, 162, bir.215",valentina.ursu@parlament.md,268-205 268-201 268-480 268133,-
CONSILIUL COORDONATOR AL AUDIOVIZUALULUI DIN REPUBLICA MOLDOVA,"Republica Moldova, mun. Chişinău, str. Vlaicu Pîrcălab 46",contabilitatea@cca.md,022277583,-
I.M.S.P. INSTITUTUL DE NEUROLOGIE ŞI NEUROCHIRURGIE,"Republica Moldova, mun. Chişinău, str. Korolenko Vl. 2",imspinn@gmail.com,022 829 016,-
Direcția sănătății a Consiliului municipal Chișinău,"str. București, 35, mun. Chișinău",directia_sanatate@mail.md,022274055,-
Serviciul Hidrometeorologic de Stat,"MD 2072, or.Chisinau, str.Grenoble 134",contabilitate@meteo.gov.md,022773603,-
Serviciul Special pentru Influențe Active asupra Proceselor Hidrometeorologice,str. Grenoble 193,antigrindinamd@mail.ru,403 466,-
Ministerul Finanţelor,"str. Constantin Tănase, 7",adrian.andrievschi@mf.gov.md,(022) 26-25-36 ,-
Biblioteca Naţională,,,,-
Banca Nationala a Moldovei,"mun. Chisinau, bd. Grigore Vieru 1",marina.chirilov@bnm.md,022 822364,-
APARATUL PREŞEDINTELUI REPUBLICII MOLDOVA,"Republica Moldova, mun. Chişinău, str. Ştefan cel Mare şi Sfînt bd. 154",a.mihailuta@prm.md,022-250-501 022-250-238,-
I.M.S.P. SPITALUL CLINIC DE BOLI INFECŢIOASE TOMA CIORBĂ,"Republica Moldova, mun. Chişinău, str. Ştefan cel Mare şi Sfînt bd. 163",infect_clinic@mtc.md,(022) 358099,-
Agenţia Proprietăţii Publice,"Piata Marii Adunari Nationale 1, mun. Chisinau, MD-2033, biroul 345",alina.botoc@app.gov.md,022 23 45 89,-
Curtea de Conturi,Ștefan cel Mare 69,n_chiriac@ccrm.md,022-266-083,-
Serviciul Protecției Civile și Situațiilor Excepționale al MAI,"mun. Chişinău, str. Gh. Asachi, 69",achiziţii@dse.md,022 220362,-
UNIVERSITATEA TEHNICĂ A MOLDOVEI,"Republica Moldova, mun. Chişinău, str. Ştefan cel Mare şi Sfînt bd. 168",liudmila.chihai@adm.utm.md,0 22 23 35 03,-
"DIRECŢIA GENERALĂ ECONOMIE, REFORME ŞI RELAŢII PATRIMONIALE","Republica Moldova, mun. Chişinău, str. Columna 106",PMC_DGERRP@YAHOO.COM,022-22-07-30,-
CONSILIUL SUPERIOR AL MAGISTRATURII,"Republica Moldova, Chişinău Centru, str. Eminescu M. 5",aparatul.csm@mail.ru,022 990-833 022-990-824,-
Centrul National de Expertize Judiciare,Chisinau str. Maria Cibotari 2,cnej@mail.md,0 22 23 84 22,-
Apele Moldovei,"str. Gheorghe Tudor, 5, etj. 5, or.Chişinău, MD 2028, Republica Moldova",agentia_am@apele.gov.md,022-402-726   022-280-700,-
CENTRUL NAŢIONAL DE TRANSFUZIE A SÎNGELUI,"Republica Moldova, CHIŞINĂU CENTRU, mun. Chişinău, str. Academiei 11",singe@ms.md,022109051,-
Ministerul Sănătății,"mun.Chișinău str.Vasile Alecsandri, 2",aliona.talpalaru@ms.gov.md,022 268822 ,-
Ministerul Tehnologiei Informaţiei și Comunicațiilor,"Chișinău,bd.Ștefan cel Mare 134",secretariat@mtic.gov.md,022 251159      022251116,-
I.M.S.P. SPITALUL CLINIC AL MINISTERULUI SĂNĂTĂŢII,"Republica Moldova, CHIŞINĂU RÎŞCANI, mun. Chişinău, str. Puşkin A. 51",scms@ms.md,022267041,-
IMSP Spitalul Dermatologie si Maladii Comunicabile,"str. Costiujeni, 5/1",imspddvr@gmail.com,794112             ,-
IMSP SCM nr.1,"str.Melestiu, 20",marina.domenco@mail.md,022-35-47-93,-
I.M.S.P. ASOCIAŢIA MEDICALĂ TERITORIALĂ BUIUCANI,"Republica Moldova, mun. Chişinău, str. I.L. Caragiale 2",amtbuiucani@ms.md,022-75-69-60-079508076,-
COMISIA DE STAT PENTRU TESTAREA SOIURILOR DE PLANTE,"Republica Moldova, mun. Chişinău, str. Ştefan cel Mare şi Sfînt bd. 162 bir.212",natalia.berghii@cstsp.md,210-455   211-308,-
SERVICIUL DE INFORMAŢII ŞI SECURITATE AL REPUBLICII MOLDOVA,"Republica Moldova, mun. Chişinău, str. Ştefan cel Mare şi Sfînt bd. 166",dtm_sis@sis.md,022239391,-
"I.M.S.P. SPITALUL CLINIC MUNICIPAL ""SFÂNTUL ARHANGHEL MIHAIL""","Republica Moldova, mun. Chişinău, str. Arh. Mihail 38",ala_punga@mail.ru,022 244239,-
SERVICIUL DE PROTECŢIE ŞI PAZĂ DE STAT,"Republica Moldova, mun. Chişinău, str. Sfatul Ţării 26",secretariat@spps.md,022250900,-
GRĂDINA ZOOLOGICĂ Î.M.,"Republica Moldova, mun. Chişinău, str. Dacia bd. 50 bl. 7",zookishinev@mail.ru,022 76-89-77,-
I.M.S.P. INSTITUTUL DE CARDIOLOGIE,"Republica Moldova, mun. Chişinău, str. N. Testemiţeanu 29 bl. 1",icachizitii@gmail.com,022 738718,-
BAZA AUTO A CANCELARIEI DE STAT A REPUBLICII MOLDOVA,"Republica Moldova, mun. Chişinău, str. Bucuriei 18 bl. 2",BACS_001@mail.ru,022  74-62-64,-
PRIMĂRIA MUNICIPIULUI CHIŞINĂU,"Republica Moldova, mun. Chişinău, str. Ştefan cel Mare şi Sfînt bd. 83",da@pmc.md,022201538  022201585,-
"I.M.S.P. SPITALUL CLINIC MUNICIPAL ""SFÂNTA TREIME""","Republica Moldova, mun. Chişinău, str. Alecu Russo 11",scm_sf.treime@ms.md,022438237,-
ASOCIAŢIA DE GOSPODĂRIRE A SPAŢIILOR VERZI Î.M.,"Republica Moldova, mun. Chişinău, str. Puşkin A. 62",agsv_ch@yahoo.com,022 24 34 28,-
Liceul Academiei de Ştiinţe a Moldovei,"mun. Chişinău, str. Sprîncenoaia 1",raduch30@gmail.com,022 73 33 60,-
INSTITUŢIA MEDICO-SANITARĂ PUBLICĂ SPITALUL REPUBLICAN AL ASOCIAŢIEI CURATIV-SANATORIALE ŞI DE RECUPERARE,"Republica Moldova, mun. Chişinău, str. Drumul Viilor 34",spital_acsr@mail.md,022729172,-
I.M.S.P. ASOCIAŢIA MEDICALĂ TERITORIALĂ BOTANICA,"Republica Moldova, mun. Chişinău, str. Dacia bd. 5 bl. 2",mcecoi@mail.ru,022531633,-
I.M.S.P. Asociația Medicală Teritorială Centru,"Republica Moldova, mun. Chişinău, str. 31 August 1989 63",,275121,-
"I.M.S.P. SPITALUL CLINIC MUNICIPAL DE COPII ""VALENTIN IGNATENCO""","Republica Moldova, mun. Chişinău, str. Grenoble 149",vignatenco@ms.md,022-72-57-66,-
"I.M.S.P. STAŢIA ZONALĂ ASISTENŢĂ MEDICALĂ URGENTĂ ""CENTRU""","Republica Moldova, mun. Chişinău, str. Constantin Vârnav 7",szamucentru@ms.md,022 02-59-07,-
ACADEMIA DE ŞTIINŢE A MOLDOVEI,"Republica Moldova, mun. Chişinău, str. Ştefan cel Mare şi Sfînt bd. 1",logistica@asm.md,022270034022274093,-
INSPECŢIA DE STAT ÎN CONSTRUCŢII,"Republica Moldova, mun. Chişinău, str. Cosmonauţilor 9",dana_dana_gutu@mail.ru,022 22 63 28,-
I.M.S.P. ASOCIAŢIA MEDICALĂ  TERITORIALĂ RÎŞCANI,"Republica Moldova, mun. Chişinău, str. Alecu Russo 11",amtriscani@ms.md,022497742,-
I.M.S.P. DISPENSARUL REPUBLICAN DE NARCOLOGIE,"Republica Moldova, mun. Chişinău, str. Pruncul I. 8",Filip.Nadejda62@gmail.com,29-58-63,-
Î.S. CENTRUL INFORMAŢIONAL AGRICOL,"Republica Moldova, mun. Chişinău, bd. Cuza-Vodă 5/1, et.3",ana.pascari@cia.md,(022) 22-71-17,-
AGENŢIA RELAŢII FUNCIARE ŞI CADASTRU,"Republica Moldova, mun. Chişinău, str. Puşkin A. 47",natalia.spilevaia@arfc.gov.md,88-12-62 8812-53,-
I.P.N.A. COMPANIA TELERADIO-MOLDOVA,"Republica Moldova, mun. Chişinău, str. Mioriţa 1",achizitii.trm@gmail.com,02240838,-
IÎ Școala Profesională nr.2 mun.Chișinău,"Ion Creangă,59",sp2chisinau@gmail.com,022742903,-
INSPECŢIA FINANCIARĂ,"Republica Moldova, mun. Chişinău, str. Alexandru cel Bun 48",inspectia.financiara@if.gov.md,022-21-20-10,-
INSPECTORATUL FISCAL DE STAT MUN. CHIŞINĂU,"Republica Moldova, mun. Chişinău, str. Constantin Tănase 9 et. 3",alexandru.postica@chisinau.fisc.md,823251,-
DIRECŢIA GENERALĂ PENTRU ADMINISTRAREA CLĂDIRILOR GUVERNULUI R.M.,"Republica Moldova, mun. Chişinău, str. Marii Adunări Naţionale piaţa 1",sectia.economica@mail.ru,022250445 ,-
UNITATEA DE IMPLEMENTARE A PROIECTULUI DE CONSTRUCŢIE A LOCUINŢELOR PENTRU PĂTURILE SOCIALMENTE VULNERABILE II,"Republica Moldova, CHIŞINĂU RÎŞCANI, mun. Chişinău, str. Tănase Constantin 9, ap. 705",vieriigor@gmail.com,022204593,-
"IMSP Institutul de Ftiziopneumologie ""Chiril Draganiuc""",Mun.Chisinau Str.Constantin Virnav 13,ifp@ms.md,022 572 213,-
CENTRUL DE PLASAMENT ŞI REABILITARE PENTRU COPII DE VÎRSTĂ FRAGEDĂ,"Republica Moldova, CHIŞINĂU CENTRU, mun. Chişinău, str. Cosmescu A. 51",centruldeplasament@mail.ru,022737022,-
I.M.S.P. DISPENSARUL MUNICIPAL DERMATO-VENEROLOGIC,"Republica Moldova, CHIŞINĂU CENTRU, mun. Chişinău, str. Columna 47",imspdmdv@mail.ru,022 27-36-46,-
DIRECŢIA GENERALĂ ASISTENŢĂ SOCIALĂ A CONSILIULUI MUNICIPAL CHIŞINĂU,"Republica Moldova, CHIŞINĂU CENTRU, mun. Chişinău, str. Bucureşti 53",bulataurelia@gmail.com,022226668,-
Spitalul Clinic Central staţia Chişinăui filială a Î.S. Calea Ferată din Moldova," MD-2025, mun. Chişinău str. Gheorghe Caşu 37",clifer@mail.ru,022-83-28-05,-
ACADEMIA DE ADMINISTRARE PUBLICĂ,"Republica Moldova, CHIŞINĂU CENTRU, mun. Chişinău, str. Ialoveni 100",aap@aap.gov.md,723830,-
I.P. CENTRUL REPUBLICAN DE DIAGNOSTICĂ VETERINARĂ,"Republica Moldova, CHIŞINĂU BUIUCANI, mun. Chişinău, str. Murelor 3",crdv@rambler.ru,022 74-23-11,-
INSPECTORATUL NAŢIONAL DE PROBAŢIUNE,"Republica Moldova, CHIŞINĂU CENTRU, mun. Chişinău, str. Alecsandri Vasile 1",galena.popa@mail.ru,022280905 022280995,-
Biroul vamal Centru,Chisinău Dacia 49/6,serghei.rotari@customs.gov.md,022 507598,-
IMSP AMT Ciocana,"mun.Chisinau, str.Vadul lui Voda 80",amt.ciocana@ms.md,022475255,-
DIRECŢIA CULTURĂ A PRIMĂRIEI MUNICIPIULUI CHIŞINĂU,"Republica Moldova, mun. Chişinău, str. București, 68",cultura.chisinau@gmail.com,022-22-33-60 022-21-27-30,-
COMISIA ELECTORALĂ CENTRALĂ,"Republica Moldova, CHIŞINĂU CENTRU, mun. Chişinău, str. Alecsandri Vasile 119",info@cec.md,022-251-451,-
INSTITUTUL NAŢIONAL AL JUSTIŢIEI,"Republica Moldova, CHIŞINĂU BUIUCANI, mun. Chişinău, str. Lazo S. 1",davidean.ludmila@inj.gov.md,079291173,-
CSP mun.Chișinău,"A. Hîjdeu, 49",stingacialiona@mail.ru,022574346,-
UNITATEA DE IMPLEMENTARE A PROIECTULUI DE CONSTRUCŢIE A PENITENCIARULUI DIN CHIŞINĂU,"Republica Moldova, Chişinău Botanica, str. Titulescu Nicolae 35",uip@penitenciar.gov.md,409719,-
CURTEA SUPREMĂ DE JUSTIŢIE,"Republica Moldova, CHIŞINĂU BUIUCANI, mun. Chişinău, str. Kogălniceanu Mihail 70",csj.tender@mail.ru,022-22-55-04,-
C.E.M.F RAISA PACALO,"Republica Moldova, CHIŞINĂU CENTRU, mun. Chişinău, str. N. Testemiţeanu 28",cancelarie@cnmf.md,022-72-58-66,-
ORGANIZAŢIA PENTRU DEZVOLTAREA SECTORULUI ÎNTREPRINDERILOR MICI ŞI MIJLOCII,"Republica Moldova, CHIŞINĂU BUIUCANI, mun. Chişinău, str. Lazo S. 48, of. 310",p.gurgurov@odimm.md,022224280,-
Direcţia generală arhitectură urbanism şi relaţii funciare,bd. Stefan cel Mare 83,dgaurf@yandex.ru,022223107,-
Inspectoratul de Stat pentru Supravegherea Geodezica Tehnica si Regim,mun.Chișinău Str. Puskin 47,ion.bolohan@arfc.gov.md,022881218,-
I.M.S.P. SPITALUL RAIONAL DONDUŞENI,"Republica Moldova, DONDUŞENI, or. Donduşeni, str. Mihai Eminescu 26 bl. 1",srdonduseni@ms.md,0 251 2 32 05,-
I.M.S.P. SPITALUL RAIONAL GLODENI,"Republica Moldova, GLODENI, or. Glodeni, str. Moldovanr. 29",juristsrglodeni@ms.md,067657279,-
I.M.S.P. SPITALUL RAIONAL CĂLĂRAŞI,"Republica Moldova, CĂLĂRAŞI, or. Călăraşi, str. N. Testemiţeanu 59",srcalarasi@mail.ru,024421135,-
IMSP SR Soldanesti,or. Soldanesti str. Pacii 24,sr.soldanesti@ms.md,027225120,-
I.M.S.P. SPITALUL CLINIC MUNICIPAL BĂLŢI,"Republica Moldova, BĂLŢI, mun. Bălţi, str. Decebal 101",spital.balti@mail.ru,0231-5-87-08,-
"IMSP ""Spitalul raional Edineţ""",or.Edineţ str. Şoseaua Bucovinei nr. 1,sredinet@ms.md,0-246-2-24-48,-
I.M.S.P. Spitalul Raional Soroca A.PRISACARI,"Republica Moldova, SOROCA, or. Soroca, str. Mihail Kogălniceanu 1",c-gainaru@mail.ru,0-230-2-32-24,-
IMSP Spitalul Raional Floresti,or Floresti str Stefan cel mare 77,srfloresti@ms.md,025022448,-
PIAŢA CENTRALĂ Î.M.,"Republica Moldova, CHIŞINĂU CENTRU, mun. Chişinău, str. Mitropolit Varlaam 63",piatacentrala@gmail.com,022277848,-
I.M.S.P. SPITALUL DE PSIHIATRIE BĂLŢI,"Republica Moldova, BĂLŢI, mun. Bălţi, str. Iu. Gagarin 114",imsp_sp@ms.md,373 94405,-
IMSP SR CAHUL,"or.Cahul, str.Ștefan cel Mare,23",office.srcahul@gmail.com,0299 2-89-15,-
IP Oficiul Naţional al Viei şi Vinului,"mun. Chişinău, str. Mitropolit Dosoftei, 126",achizitii_onvv@wineofmoldova.com,068166146,-
I.M. INSTITUŢIA MEDICO-SANITARĂ PUBLICĂ SPITALUL RAIONAL ŞTEFAN VODĂ,"Republica Moldova, ŞTEFAN VODĂ, or. Ştefan Vodă, str. N. Testemiţeanu 1",srstefanvoda@ms.md,373-67-562843,-
I.M.S.P. SPITALUL RAIONAL REZINA,"Republica Moldova, REZINA, or. Rezina, str. 27 August 7",srrezina@ms.md,025422448   060009896,-
"I.M.S.P. SPITALUL RAIONAL DROCHIA ""NICOLAE TESTEMIŢANU""","Republica Moldova, DROCHIA, or. Drochia, str. N. Testemiţanu 4",srdrochia@gmail.com,025222145 061010404,-
I.M.S.P. SPITALUL RAIONAL TARACLIA,"Republica Moldova, TARACLIA, or. Taraclia, str. Cioban Valeriu 1",sr.taraclia@mail.ru,029423527,-
I.M.S.P. SPITALUL RAIONAL SÎNGEREI,"Republica Moldova, SÎNGEREI, or. Sîngerei, str. N. Testemiţanu 51",srsingerei-jurist@mail.ru,026284463,-
I.M.S.P. SPITALUL RAIONAL IALOVENI,"Republica Moldova, IALOVENI, or. Ialoveni, str. Alexandru cel Bun 7",imsp-sr-ialoveni@mail.ru,(0268)21254,-
I.M.S.P. SPITALUL RAIONAL BRICENI,"Republica Moldova, BRICENI, or. Briceni, str. Mihai Eminescu 48",srbriceni@ms.md,024722071,-
SPITALUL RAIONAL BASARABEASCA I.M.S.P.,"Republica Moldova, BASARABEASCA, or. Basarabeasca, str. Muncii 55",srbasarabeasca@ms.md,029722437,-
IMSP Spitalul raional Ungheni,"or.Ungheni ,str.Nationala 37",imsp-sr-ungheni@mail.ru,0236 28101,-
AGENŢIA PENTRU OCUPAREA FORŢEI DE MUNCĂ A MUNICIPIULUI CHIŞINĂU,"Republica Moldova, CHIŞINĂU CENTRU, mun. Chişinău, str. Varlaam Mitropolit 90",aofm.chisinau@anofm.md,022-222-231,-
I.M.S.P. CENTRUL NAŢIONAL DE ASISTENŢĂ MEDICALĂ URGENTĂ PRESPITALICEASCĂ,"Republica Moldova, mun. Chişinău, str-la Constantin Vârnav 7",cnamup.achizitii@ms.md,022 02-59-07,-
AGENŢIA NAŢIONALĂ PENTRU OCUPAREA FORŢEI DE MUNCĂ,"Republica Moldova, CHIŞINĂU RÎŞCANI, mun. Chişinău, str. Alecsandri Vasile 1",anofm@anofm.md,0-22-721003,-
CONSILIUL RAIONAL CAHUL,"Republica Moldova, CAHUL, or. Cahul, str. Independenţei piaţa 2",presedintele_raionului_cahul@yoahoo.com,029928441,-
I.M.S.P. SPITALUL RAIONAL RÎŞCANI,"Republica Moldova, RÎŞCANI, or. Rîşcani, str. N. Testemiţeanu 6",imsp_riscani@mail.ru,025623347,-
Instituţia Medico-Sanitară Publică Spitalul Raional Ceadîr-Lunga,"or. Ceadîr-Lunga, str. Miciurin, 2",vinogradova.alla82@mail.ru,(291) 21110,-
IMSP SPITALUL RAIONAL ORHEI,"or. Orhei, str. C.Negruzzi 85",srorhei@ms.md,078830509,-
CR Orhei,"or.Orhei, bd.M.Eminescu, 2",tsilvia@yandex.ru,0235 20389,-
I.M.S.P. SPITALUL RAIONAL NISPORENI,"Republica Moldova, NISPORENI, or. Nisporeni, str. Toma Ciorbă 5",srnisporeni@ms.md,0264-22344,-
AGENŢIA TURISMULUI,"Republica Moldova, CHIŞINĂU CENTRU, mun. Chişinău, str. Hînceşti şos. 53",info@turism.gov.md,022 22 66 34,-
PRIMĂRIA MUNICIPIULUI BĂLŢI,"Republica Moldova, mun. Bălţi, piața Independenţei, 1",serviciulachizitiipublice@mail.ru,023154623,-
I.M.S.P. SPITALUL RAIONAL CIMIŞLIA,"Republica Moldova, CIMIŞLIA, or. Cimişlia, str. Alexandru cel Bun 135",srcimislia@ms.md,0241-2-23-91,-
CONSILIUL RAIONAL IALOVENI,"Republica Moldova, IALOVENI, or. Ialoveni, str. Alexandru cel Bu",sectiaeconomieialoveni@gmail.com,0268 2 44 20,-
"SPITALUL RAIONAL COMRAT ""ISAAC GURFINCHEL"" I.M.S.P.","Republica Moldova, Uta Găgăuzia, or. Comrat, str. Odesscaia 2",imspcomratjurist@mail.ru,0298 3 14 48,-
IMSP Spitalul Raional Criuleni,"or.Criuleni, str.Ştefan cel Mare, 1",srcriuleni@ms.md,024820343,-
CONSILIUL RAIONAL FĂLEŞTI,"Republica Moldova, FĂLEŞTI, or. Făleşti, str. Ştefan cel Mare 50",consiliu_fl@mail.ru,025923941,-
I.M.S.P.S.R. Căuşeni ANA ŞI ALEXANDRU,"Republica Moldova, CĂUŞENI, or. Căuşeni, str. Gagarin Iu. 54",srcauseni@ms.md,0243 26524,-
"IMSP""Spitalul raional Falesti""","or.Falesti,str.Stefan Cel Mare 38",nicolae.vasian@mail.ru,025922808,-
Consiliul raional Criuleni,"or. Criuleni, str.31 August 108",consiliul_cr@mail.ru,024822264,-
CONSILIUL RAIONAL DONDUŞENI,"Republica Moldova, Donduşeni, or. Donduşeni, str. Independenţei 47",alexclimauti@mail.ru,0251 2 20 97,-
Consiliul Raional Anenii Noi,or. Anenii Noi piata 31 August 4,cr.economieaneni@mail.ru,0265 2 36 26,-
I.M.S.P. SPITALUL RAIONAL STRĂŞENI,"Republica Moldova, STRĂŞENI, or. Străşeni, str. Toma Ciorbă 11 bl. 1",srstraseni@ms.md,023722448,-
IMSP SR Hînceşti,"or.Hîncești, str. M.Hîncu 238",goroholschi68@mail.ru,0269 22634 069302105 ,-
CONSILIUL RAIONAL BRICENI,"Republica Moldova, Briceni, Briceni, str. Independenţei 48",economiebriceni2006@rambler.ru,024722845,-
I.M.S.P. SPITALUL RAIONAL LEOVA,"Republica Moldova, LEOVA, or. Leova, str. Ştefan cel Mare 63",angelastoiu@mail.ru,026322498,-
CONSILIUL RAIONAL CĂUŞENI,"Republica Moldova, CĂUŞENI, or. Căuşeni, str. Eminescu M. bd. 31",consiliul@causeni.md,024323784,-
Consiliul raional  Telenești,"str. 31 August  nr. 9,  or. Telenești",consiliul@gmail.com,025823357,-
PREŞEDINTELE RAIONULUI RÎŞCANI,"Republica Moldova, Rîşcani, Rîşcani, str. Independenţei 44",liliana.tasciuc@mail.ru,0(256)2-48-45,-
IMSP Spitalul Raional Cantemir,"or.Cantemir, str.Testemitanu 1",srcantemir@mail.ru,0273-22799 22448,-
Consiliul raional Strășeni,or. Strășeni str. Mihai Eminescu 28,vaniusha.ursu@yahoo.com,0237 2 24 89,-
CONSILIUL RAIONAL CIMIŞLIA,"Republica Moldova, CIMIŞLIA, or. Cimişlia, str. Ştefan cel Mare 12",vasile-tocaru@mail.ru,024121177,-
Președintele raionului Glodeni,"MD-4901, Președintele raionului Glodeni, or. Glodeni, str. Suveranității, 2",sececonomglodeni@mail.ru,(0249)23288,-
COMITETUL EXECUTIV AL GĂGĂUZIEI,"Republica Moldova, Uta Găgăuzia, or. Comrat, str. Lenin 194",jurist-ispolkom@mail.ru,0298 2 25 88,-
AZILUL REPUBLICAN PENTRU INVALIZI ŞI PENSIONARI MUN. CHIŞINĂU,"Republica Moldova, CHIŞINĂU CENTRU, mun. Chişinău, str. Valea Rădiului 16",vanoni@mail.ru,022 796112,-
IMSP SR Anenii Noi ,or. Anenii Noi str. Uzinelor 30,Sranenii-noi@ms.md,026523363,-
CONSILIUL RAIONAL HÎNCEŞTI,"Republica Moldova, HÎNCEŞTI, or. Hînceşti, str. Hâncu Mihalcea 126",hincesti.achizitii@gmail.com,0 269 2-20-39,-
IMSP SR Telenesti,or. Telenesti str. C. Porumbescu 8,srtelenesti@ms.md,079113054,-
Consiliul Raional Nisporeni,"str. Ioan Vodă 2, MD-6401, or. Nisporeni, Republica Moldova",achizitiinisporeni@gmail.com,0264-2-22-27,-
CONSILIUL RAIONAL CĂLĂRAŞI,"Republica Moldova, CĂLĂRAŞI, or. Călăraşi, str. Biruinţei 1 bl. 1",achizitii@calarasi.md,(0244)21886 062144255,-
CONSILIUL RAIONAL TARACLIA,"Republica Moldova, TARACLIA, or. Taraclia, str. Ştefan cel Mare 59",economica.05@mail.ru,029425983,-
CONSILIUL RAIONAL LEOVA,"Republica Moldova, LEOVA, or. Leova, str. Independenţei 5",consiliu@leova.md,026322048,-
CONSILIUL RAIONULUI SÎNGEREI,"Republica Moldova, SÎNGEREI, or. Sîngerei, str. Independenţei 111",sectia.economie.sg@gmail.com,0 262 2 32 85,-
CONSILIUL RAIONAL EDINEŢ,"Republica Moldova, Edineţ, Edineţ, str. Independenţei 33",lidia_lisii@mail.ru,0 246 2 26 50,-
Consiliul raional  Ştefan  Vodă,"Republica Moldova, Ştefan Vodă, or. Ştefan Vodă, str. Libertăţii 1",lidia.grigoriev@rambler.ru,024222088,-
CR CANTEMIR,"Republica Moldova,  or. Cantemir, str. Trandafirilor 2",konstantin.gafenco@gmail.com,(0273)2-27-63,-
CONSILIUL RAIONAL DROCHIA,"Republica Moldova, DROCHIA, or. Drochia, str. Independenţei 15",marcro@rambler.ru,025225406,-
CRSoroca,"or. Soroca, str. Stefan cel Mare 5",galina.stavita@mail.ru,0230 22088,-
" Consiliul raional Rezina",or. Rezina  str. 27 August 1,scgcd.rez@mail.ru,025425655 025422146,-
CONSILIUL RAIONAL ŞOLDĂNEŞTI,"Republica Moldova, ŞOLDĂNEŞTI, or. Şoldăneşti, str. 31 August 1",efimia.cosciug@mail.ru,060117150,-
CONSILIUL RAIONAL BASARABEASCA,"Republica Moldova, BASARABEASCA, or. Basarabeasca, str. Marx Karl 55",baseconom@mail.ru,029722241,-
CONSILIUL RAIONAL FLOREŞTI,"Republica Moldova, FLOREŞTI, or. Floreşti, str. Victoriei bd. 2",consiliulfr@yahoo.com,0250 20254,-
CONSILIUL RAIONAL OCNIŢA,"Republica Moldova, Ocniţa, Ocniţa, str. Independenţei 51",presedinte@ocnita.md," 0271-22-0-58",-
Primaria or. Ceadîr-Lunga,"MD-6100, Republica Moldova, or. Ceadîr-Lunga, str. Lenin, 91",vinogradov.vladimir14@yandex.ru,(291)2-29-63,-
Consiliul Raional Dubasari,"s.Cosnita, rl Dubasari, str.Pacii",lilia.cazac@rambler.ru,024844746,-
CONSILIUL RAIONAL UNGHENI,"Republica Moldova, UNGHENI, or. Ungheni, str. Naţională 11",eduardcucuruzac@gmail.com,023623599,-
RISCANI-SC Î.S.,"Republica Moldova, CHIŞINĂU RÎŞCANI, mun. Chişinău, str. Vladimirescu Tudor 16",riscani-sc@mail.ru,022 44 5378,-
Agentia de Stat pentru Proprietate Intelectuala,Str. Andrei Doga nr. 24/1,alexandru.lutcan@agepi.gov.md,022400630,-
Главное управление строительства и инфраструктуры Гагаузии,"Республика Молдова, АТО Гагаузия, мун. Комрат, ул. Победы, 58, оф. 308",gupstis_nc@mail.ru,0 (298) 2-23-01,-
Primaria Falesti r-l Falesti,"Republica Moldova, r-l Falesti or. Făleşti, str. Stefan cel Mare 73",primaria@falesti.md,259-49043,-
I.P. SERVICIUL NAŢIONAL UNIC PENTRU APELURI DE URGENŢĂ 112,"Republica Moldova, CHIŞINĂU CENTRU, mun. Chişinău, str. Ştefan cel Mare şi Sfînt bd. 134",office@112.md,022 251 198,-
CENTRUL PENTRU ACHIZIŢII PUBLICE CENTRALIZATE ÎN SĂNĂTATE,"Republica Moldova, CHIŞINĂU CENTRU, mun. Chişinău, str. Korolenco 2/1",office@capcs.md,022884348,-
Direcţia Asistenţă Socială şi Protecţia Familiei r-nul Rezina,"Republica Moldova, REZINA, or. Rezina, str. 27 August 1",ecijanovschii@mail.ru,068469040,-
PRIMĂRIA ORAŞULUI TELENEŞTI,"Republica Moldova, Teleneşti, Teleneşti, str. 31 August 8",primariatelenesti@gmail.com,025822530,-
PRIMĂRIA COMUNEI BĂCIOI,"Republica Moldova, mun. Chişinău, s. Băcioi, str. Independenţei 125",tonumaria123@gmail.com,022381255,-
Primăria Orhei,"or. Orhei, str. V. Mahu 160",violeta.morari@bk.ru,023523981,-
PRIMĂRIA ORAŞULUI CRICOVA,"str.Chisinaului,90",morarud33@mail.ru,022453270,-
PRIMĂRIA ORAŞULUI DURLEŞTI,"Republica Moldova, mun. Chişinău, or. Durleşti, str. Alexandru cel Bun 5",doina_25@mail.ru,022584478,-
Primaria com. Bubuieci,str.T.Bubuiog 28,primaria.bubuieci@mail.ru,022414832,-
Primaria orasului Calarasi,"or.Călărași ,str.M.Eminescu,19",info@calarasi-primaria.md,0244 2-27-73,-
I.M.S.P. CENTRUL DE SĂNĂTATE BRICENI,"Republica Moldova, BRICENI, or. Briceni, str. Mihai Eminescu 48",cs.briceni@ms.md,024725642,-
Primaria Cimislia,"or. Cimișlia, str. Decebal, 9",achizitii@cimislia.md,024124135,-
BMA al MAI,Chiţinău bd. Ştefan cel mare şi sfînt  124,migraţie@mai.gov.md,022265616,-
PRIMĂRIA ORASULUI CAHUL,"or. Cahul, str. Piața Independenței 6",prim_cahul.ap@mail.ru,029921949,-
I.M.S.P. Centrul de Sănătate Ceadîr-Lunga,"Republica Moldova, Uta Găgăuzia, or. Ceadîr-Lunga, str. Miciurin 2",CMFCiadirLunga@ms.md,029123820 029126002,-
IMSP CS CĂLĂRAȘI,"MD-4403, or.Călărași, str.Bojole 1",cscalarasi@ms.md,024422660,-
I.M.S.P. CENTRUL DE SĂNĂTATE DONDUŞENI,"Republica Moldova, DONDUŞENI, or. Donduşeni, str. Mihai Eminescu 26 bl. 1",cs.donduseni@ms.md,0 251 2 13 44,-
Primaria orasului Floresti,"or. Floreşti, str.Ştefan cel Mare 30a",primariafloresti@mail.md,025022244,-
Primaria or. Rezina,"or. Rezina, str 27 August, 1",primaria-rezina@mail.ru,069485284,-
Primaria or.Singera,or.Singera str 31 august nr.22,contabilitateasingera@mail.ru,41-30-41,-
PRIMARIA ORAȘULUI BRICENI,"Or. Briceni, str. Independenței, 28",carolina-melnic@mail.ru,0247-2-33-41,-
IMSP CS Edinet,"Republica Moldova ,or.Edinet ,str.Independentei 81",cmfedinet@ms.md,067289282,-
IMSP CMF mun.Balti,Balti str.Decebal 101V,cmfbalti@ms.md,23175228,-
IMSP Centrul de Sanatate Taraclia,"Taraclia, Cotovschi,2",imsptaraclia@ms.md,029424448,-
PRIMĂRIA s. Ghidighici,"Republica Moldova, mun. Chişinău, s. Ghidighici, str. Mateevici A. 2",m_spinu@inbox.ru,022-710-252,-
IMSP Centrul de Sanatate Glodeni,Or Glodeni str. Tricolorului 2,csglodeni@ms.md,249-22836,-
Primaria comunei Gratiesti,"s.Gratiesti, str.Stefan cel Mare 72",ana.balan.63@mail.ru,022-451-254,-
I.M.S.P. CENTRUL DE SĂNĂTATE SOROCA,"Republica Moldova, SOROCA, or. Soroca, str. Mihai Eminescu 16",cs.soroca@ms.md,23022216,-
Primaria satului Budesti,"Mun. Chisinau, satului Budesti, str. Chisinaului, 131",budesti@gmail.com,022418000,-
I.M.S.P. CENTRUL DE SĂNĂTATE CAHUL,"Republica Moldova, Cahul, Cahul, str. Ştefan cel Mare 27",buiuco@rambler.ru,029932912,-
PRIMĂRIA ORAŞULUI EDINEŢ,"Republica Moldova, Edineţ, Edineţ, str. Cerempei Octavian 30",lilia.strimbanu@mail.ru,024622849,-
PRIMĂRIA COMUNEI CRUZEŞTI,"Republica Moldova, mun. Chişinău, s. Cruzeşti, str. Sf.Avraam 14",primariacruzesti@yahoo.com,022419523,-
Primaria Hincesti ,OR HINCESTI ,primariahincesti@mail.md,0269 2 32 86 ,-
PRIMĂRIA ORAŞULUI IALOVENI,"Republica Moldova, IALOVENI, or. Ialoveni, str. Alexandru cel Bun 45",primaria.ial@mail.md,026822746,-
PRIMĂRIA ORAŞULUI DONDUŞENI,"Republica Moldova, Donduşeni, Donduşeni, str. Independenţei 49",primariadonduseni@mail.ru,025122203,-
PRIMĂRIA MUN.COMRAT,"Republica Moldova, Uta Găgăuzia, or. Comrat, str. Tretiacov 36",comrat.primaria@mail.ru,029822660,-
PRIMĂRIA ORAŞULUI VADUL LUI VODĂ,"Republica Moldova, mun. Chişinău, or. Vadul Lui Vodă, str. Ştefan cel Mare 60",postaapl@mail.md,022 416 382,-
I.M.S.P. CENTRUL DE SĂNĂTATE RÎŞCANI,"Republica Moldova, RÎŞCANI, or. Rîşcani, str. Independenţei 59",cs.riscani@ms.md,0(256)2-22-02,-
Primăria or. Nisporeni,"or. Nisporeni, str. Alexandru cel Bun, 55",nisprim@mail.ru,067710858,-
I.M.S.P. CENTRUL DE SĂNĂTATE ŞTEFAN VODĂ,"Republica Moldova, ŞTEFAN VODĂ, or. Ştefan Vodă, str. Testemiţeanu N. 2",cmfstefanvoda@ms.md,0 242 2-24-76,-
Primaria Leova,Primaria Leova,liliana.prim2010@mail.ru,026323129,-
PRIMĂRIA ORAŞULUI TARACLIA,"Republica Moldova, TARACLIA, or. Taraclia, str. Lenin 128",prim-tar@mail.ru,29425774,-
PRIMĂRIA OR.VULCĂNEŞTI,"Republica Moldova, Uta Găgăuzia, or. Vulcăneşti, str. Gagarin Iu. 40",primaria_vulcanesti@mail.ru,029320332,-
Primaria or. Rîșcani,"RM, RÎȘCANI, or. Rîșcani, str. 31 August,4",t_serrggo77@mail.ru,025694441,-
PRIMĂRIA ORAŞULUI CANTEMIR,"Republica Moldova, CANTEMIR, or. Cantemir, str. Trandafirilor 2",primaria.cantemir@gmail.com,027322639,-
Primăria com. Tohatin,"com. Tohatin, str. Ștefan cel Mare 1",tohatin@mail.md,022387848,-
PRIMĂRIA COMUNEI TRUŞENI,"Republica Moldova, mun. Chişinău, s. Truşeni, str. 27 August 30",primariatruseni@mail.ru,022590236,-
IMSP Centrul de Sănătate Sîngerei,"or. Sîngerei, str. Testimițeanu 11",cs.singerei@ms.md,026222662,-
"IPGimn.""N.Stanescu""","s.Pascani,r-nu lCahul",maria_paschal@mail.ru,068133500,-
Primaria Anenii Noi,"or.Anenii Noi, str.Suvorov,6",primaria-anenii-noi@mail.ru,0265-226565,-
DRPSA Causeni,or. Causeni str. A. Mateevici 31,dsvcauseni@mail.ru,024322546,-
IMSP CS Nr.1 Orhei,"str. Vasile Lupu 127, or. Orhei",cs.orhei1@ms.md,023524384,-
Primaria comunei Stauceni,"mun. Chisinau, comuna Stauceni, str. A. Mateevici, 13",stauceni1842@mail.ru,022326670,-
Primăria orasului Codru,"or. Codru, str. Costiujeni, 8",achizitii.codru@gmail.com,022792743,-
"Direcția cultură, tineret, sport și turism Căușeni",Căușeni bd. M. Eminescu 31/415,cultura.causeni@gmail.com,024322648,-
PRIMĂRIA ORAŞULUI VATRA,"Republica Moldova, mun. Chişinău, or. Vatra, str. Ştefan Vodă 5",primaria.vatra@gmail.com,022596004,-
PRIMARIA COMUNEI CIORESCU,"Repubica Moldova, Mun. Chisinau, Comuna Ciorescu, str. Alexandru cel Bun, nr. 17",primardeciorescu@mail.md,022456236,-
Gimnaziul V. Alecsandri," s. Taraclia de Salcie raionul Cahul",gimnaziultaraclia@gmail.com,029978389,-
I.M.S.P. C.S. Drochia ANATOLIE MANZIUC,"Republica Moldova, DROCHIA, or. Drochia, str. N. Testemiţeanu 4 bl. 1",cs.drochia@ms.md,25222788,-
PRIMĂRIA COMUNEI COCIERI,"Republica Moldova, rl. Dubăsari, s. Cocieri, str. Renaşterii 68",primcomcocieri@mail.md,024852244,-
PRIMĂRIA ORAŞULUI SOROCA,"Republica Moldova, SOROCA, or. Soroca, str. Ştefan cel Mare 5",m.soroca@mtc-sr.md,023023463,-
PRIMĂRIA ORAŞULUI ŞOLDĂNEŞTI,"Republica Moldova, ŞOLDĂNEŞTI, or. Şoldăneşti, str. Victoriei 26",nastasyea@mail.ru,027222319,-
PRIMĂRIA ORAŞULUI OCNIŢA,"Republica Moldova, Ocniţa, Ocniţa, str. Viteazul Mihai 1",primaria.ocnita@mail.ru,373 27122666,-
IMSP CS Comrat,m.Comrat strada Pobeda 46,cs.comrat@ms.md,0298 2-28-55,-
DIRECŢIA GENERALĂ EDUCAŢIE FĂLEŞTI,"Republica Moldova, Făleşti, Făleşti, str. Ştefan cel Mare 50",madan.svetlana@gmail.com,025923409,-
"IP Scoala primara gradinita ""Ilie Fulga""","com. Stauceni, str. Trandafirilor 2A",ilie_fulga@mail.ru,022667253,-
PRIMĂRIA ORAŞULUI CRIULENI,"Republica Moldova, CRIULENI, or. Criuleni, str. Biruinţa bd. 12",zolotcoalexandru@yahoo.com,024820601,-
PRIMĂRIA ORAŞULUI CĂUŞENI,"Republica Moldova, CĂUŞENI, or. Căuşeni, str. Meşterul Radu 3",primaria@causeni.org,024322233,-
I.M.S.P. CENTRUL DE SĂNĂTATE ANENII NOI,"Republica Moldova, ANENII NOI, or. Anenii Noi, str. Uzinelor 30 bl. 1",csaneniinoi@ms.md,026522645,-
I.M.S.P. Centrul de Sănătate Vulcăneşti,"Republica Moldova, Uta Găgăuzia, or. Vulcăneşti, str. Plotnikov 59",cs.vulcanesti@ms.md,029321631,-
PRIMĂRIA ORAŞULUI STRĂŞENI,"Republica Moldova, STRĂŞENI, or. Străşeni, str. Eminescu Mihai 32",primarcasian@gmail.com,023722343,-
DASPF CAUSENI,or. Causeni str. A. Mateevici 9,dsvcauseni@mail.ru,024322548,-
Direcția învățământ Căușeni,str. Mihai Eminescu 31,dgitscauseni@gmail.com,024322748,-
Primăria Geamăna,"satul Geamăna, raionul Anenii Noi",primaria_geamana@mail.ru,069155463,-
DIRECŢIA RAIONALĂ PENTRU SIGURANŢA ALIMENTELOR DONDUŞENI,"Republica Moldova, Donduşeni, Donduşeni, str. Feroviarilor 56",donduseni.drsv@rambler.ru,025124353,-
